"default_action","category","id","name","artists","album","bpm","key","genres","onlineGenres","playlistNames","reason"
"review","Chinese vocal","451169473","骗自己PT.2","AY楊佬叁 / Noor-99","骗自己","119","","pop","","111","Chinese artist/name; non-instrumental heuristic"
"review","Chinese vocal","1489330795","Here Comes The Gangster","Berlin Psycho Nurses（柏林护士）","Berlin Psycho Nurses","86","E major","pop","Indie Pop","","Chinese artist/name; non-instrumental heuristic"
"review","Chinese vocal","1350460585","我一点都不想你","BigYear大年","我一点都不想你","113","","pop","","er","Chinese artist/name; non-instrumental heuristic"
"review","Chinese vocal","547844389","where the party at.","ELLIOTTSOUND 房鑫杨 / DOLLARZOO","where the party at","113","","pop","","","Chinese artist/name; non-instrumental heuristic"
"review","Chinese vocal","1426089632","24HOURS","ODE / 李恩泽","24HOURS","114","","nu_disco; pop","","disco/syth pop","Chinese artist/name; non-instrumental heuristic"
"review","Chinese vocal","1890541225","ALDEBARAN","STOLEN秘密行动","ALDEBARAN","119","","pop","","","Chinese artist/name; non-instrumental heuristic"
"review","Chinese vocal","443205153","MAKJ - 假人挑战Black Beatles&How We Party - MAKJ, R3hab & Vinai, Rae Sremmurd","Yellow / MixZero音乐厂牌","Music 4 Food","116","","pop","","","Chinese artist/name; non-instrumental heuristic"
"review","Chinese vocal","473404348","I Wanna(我想)(Live)","余佳运","Jiayun's Live Recording","110","","pop","","","Chinese artist/name; non-instrumental heuristic"
"review","Chinese vocal","420401511","和你","余佳运","幸福三部曲","152","C major","pop; rnb_soul","R&B","","Chinese artist/name; non-instrumental heuristic"
"review","Chinese vocal","29723022","暗里着迷 (Live)","刘德华","Wonderful World 香港演唱会 2007","111","","pop; latin_world","","111","Chinese artist/name; non-instrumental heuristic"
"review","Chinese vocal","110359","练习(Live)","刘德华","你是我的骄傲演唱会","113","","pop","","111","Chinese artist/name; non-instrumental heuristic"
"review","Chinese vocal","5239275","我的大同","唐荭菲","高晓松自选辑","117","","pop","","Call it a night","Chinese artist/name; non-instrumental heuristic"
"review","Chinese vocal","454954048","需要保密的情话","安全着陆 / DaisyCream","安全着陆","119","","pop","","111","Chinese artist/name; non-instrumental heuristic"
"review","Chinese vocal","27646205","安和桥","宋冬野","安和桥北","116","","pop","","111","Chinese artist/name; non-instrumental heuristic"
"review","Chinese vocal","35566793","还好你在","左颜","还好你在","113","","pop","","","Chinese artist/name; non-instrumental heuristic"
"review","Chinese vocal","1352818739","Don't You","布朗尼","Julie","115","","pop","","Call it a night","Chinese artist/name; non-instrumental heuristic"
"review","Chinese vocal","4875626","情非得已","庾澄庆","遇见100%幸福1 烈爱红盘","118","","pop","","111","Chinese artist/name; non-instrumental heuristic"
"review","Chinese vocal","28442688","暴风一族(Remix Version)","张国荣","传奇 (Dance & Remix)","122","","nu_disco; electronica; edm; pop","","disco/syth pop","Chinese artist/name; non-instrumental heuristic"
"review","Chinese vocal","188326","继续跳舞(Body Mix)","张国荣","Leslie Collection","119","","nu_disco; pop","","disco/syth pop","Chinese artist/name; non-instrumental heuristic"
"review","Chinese vocal","192316","天梯(Live)","张智霖","张智霖我系外星人演唱会","117","","pop","","111","Chinese artist/name; non-instrumental heuristic"
"review","Chinese vocal","4877815","美丽时光","张艺","美丽时光","118","","pop","","","Chinese artist/name; non-instrumental heuristic"
"review","Chinese vocal","316678","寒舍","杨千嬅","Simply Me","112","G major","pop","","111","Chinese artist/name; non-instrumental heuristic"
"review","Chinese vocal","317251","少女的祈祷(Live)","杨千嬅","万紫千红演唱会2002","113","","pop","","111","Chinese artist/name; non-instrumental heuristic"
"review","Chinese vocal","480580003","再也没有","永彬Ryan.B / AY楊佬叁","再也没有","113","","pop","","111","Chinese artist/name; non-instrumental heuristic"
"review","Chinese vocal","864100958","小鹿乱撞","永彬Ryan.B / 狄迪（D-DAY）","小鹿乱撞","115","","pop","","er","Chinese artist/name; non-instrumental heuristic"
"review","Chinese vocal","33715371","习惯失恋","洪卓立","热门华语271","117","","pop","","111","Chinese artist/name; non-instrumental heuristic"
"review","Chinese vocal","5251677","Traveler\\\'s Diary","深绿海","芳草莲檬","90","","downtempo","","Chill Bar Playlist","Chinese artist/name; non-instrumental heuristic"
"review","Chinese vocal","2614655132","呼唤爱人feat.Bokai","王忆灵","枯萎颂（Ode to Wither）","117","","pop","","","Chinese artist/name; non-instrumental heuristic"
"review","Chinese vocal","1445800253","如何","福禄寿FloruitShow","如何","118","","pop","","SIPLAB Wespace","Chinese artist/name; non-instrumental heuristic"
"review","Chinese vocal","1306923998","我用什么把你留住","福禄寿FloruitShow","我用什么把你留住","113","","pop","","","Chinese artist/name; non-instrumental heuristic"
"review","Chinese vocal","25858515","红旗","窦唯 / 不一定","一举两得","115","","pop","","","Chinese artist/name; non-instrumental heuristic"
"review","Chinese vocal","564680003","The Chainsmokers - Something just like This（网虫i remix）","网虫","Something just like This（Remix）","114","","house; deep_house; downtempo; electronica","","Chill Bar Deep House","Chinese artist/name; non-instrumental heuristic"
"review","Chinese vocal","31912064","遇见 钢琴曲","群星","热门华语262","113","","pop","","KevinCredo的年度歌单","Chinese artist/name; non-instrumental heuristic"
"review","Chinese vocal","27867428","那谁 (Live)","苏永康","Concert YY 黄伟文作品展 演唱会","113","","pop","","111","Chinese artist/name; non-instrumental heuristic"
"review","Chinese vocal","344157","I Know You Know I Love You","落日飞车","Bossa Nova","108","","jazz; latin_world","","Call it a night","Chinese artist/name; non-instrumental heuristic"
"review","Chinese vocal","344156","Little Monkey Rides on the Little Donkey","落日飞车","Bossa Nova","107","","jazz; latin_world","","er","Chinese artist/name; non-instrumental heuristic"
"review","Chinese vocal","512623093","雨夜","蓝云木","雨夜","113","","pop","","KevinCredo的年度歌单","Chinese artist/name; non-instrumental heuristic"
"review","Chinese vocal","209633","特务J","蔡依林","特务J","114","","synthwave","","Retro playlist","Chinese artist/name; non-instrumental heuristic"
"review","Chinese vocal","432506367","电台情歌","邓超","电台情歌","114","","pop","","111","Chinese artist/name; non-instrumental heuristic"
"review","Chinese vocal","496107851","说句实话","陆政廷Lil Jet","说句实话（prod.10K)","114","","pop","","er","Chinese artist/name; non-instrumental heuristic"
"review","Chinese vocal","32174064","Hold on,Watch on","陈伟恩","热门华语265","118","","pop","","111","Chinese artist/name; non-instrumental heuristic"
"review","Chinese vocal","27867449","倾城 (Live)","陈奕迅","Concert YY 黄伟文作品展 演唱会","113","","pop","","111","Chinese artist/name; non-instrumental heuristic"
"review","Chinese vocal","66272","夕阳无限好","陈奕迅","U87","109","","pop","","111","Chinese artist/name; non-instrumental heuristic"
"review","Chinese vocal","27483203","失忆蝴蝶","陈奕迅","The Key","110","","pop","","111","Chinese artist/name; non-instrumental heuristic"
"review","Chinese vocal","64111","张氏情歌","陈奕迅","？","115","","pop","","111","Chinese artist/name; non-instrumental heuristic"
"review","Chinese vocal","551816010","我们","陈奕迅","我们","111","","pop","","111","Chinese artist/name; non-instrumental heuristic"
"review","Chinese vocal","66265","阿牛","陈奕迅","U87","114","","pop","","111","Chinese artist/name; non-instrumental heuristic"
"review","Chinese vocal","35403523","陪你度过漫长岁月","陈奕迅","陪你度过漫长岁月","112","","pop","","","Chinese artist/name; non-instrumental heuristic"
"review","Chinese vocal","471403427","我喜欢上你时的内心活动","陈绮贞","我喜欢上你时的内心活动","113","","pop","","","Chinese artist/name; non-instrumental heuristic"
"review","Chinese vocal","27965451","雨水一盒","陈绮贞","时间的歌","117","","pop","","","Chinese artist/name; non-instrumental heuristic"
"review","Chinese vocal","517246583","nothing on you","陳梦嘉","有 趣 的 那 種","117","","pop","","er","Chinese artist/name; non-instrumental heuristic"
"review","Chinese vocal","1430560457","When The Music Stops","顾忠山 / 赵可","When The Music Stops","118","","pop","","","Chinese artist/name; non-instrumental heuristic"
"review","Chinese vocal","461515533","风","鲸鱼马戏团","鲸鱼马戏团VOL.1","118","","pop","","Call it a night","Chinese artist/name; non-instrumental heuristic"
"review","Chinese vocal","2757602239","Do it","黃浩庭 / YELLOW黄宣","SAX TAPE","105","","jazz","","","Chinese artist/name; non-instrumental heuristic"
"review","Definite vocal rap","464674134","Litmas (Prod. lzr)","bbno$ / lzr","Litmas","114","","hiphop_rap","","er","rap score 3; hiphop_rap tag; non-instrumental heuristic"
"review","Definite vocal rap","1956743785","Massive","Drake","Honestly, Nevermind","111","","hiphop_rap","","","rap score 3; hiphop_rap tag; non-instrumental heuristic"
"review","Definite vocal rap","36190949","Grimey Thirsty (Instant Party! Remix)","Instant Party! / Far East Movement / YG","Grimey Thirsty (Instant Party! Remix)","124","","electronica; hiphop_rap","","","rap score 3; hiphop_rap tag; non-instrumental heuristic"
"review","Definite vocal rap","36190947","No Flex Zone (Instant Party! Remix)","Instant Party! / Rae Sremmurd","No Flex Zone (Instant Party! Remix)","122","","electronica; hiphop_rap","","","rap score 3; hiphop_rap tag; non-instrumental heuristic"
"review","Definite vocal rap","26642869","Memories Back Then","Kendrick Lamar / T.I. / B.o.B","Kendrication","112","","hiphop_rap","","","rap score 3; hiphop_rap tag; non-instrumental heuristic"
"review","Definite vocal rap","1888554239","Stars Align (with Drake)","Majid Jordan / Drake","Wildest Dreams","89","","downtempo; hiphop_rap","","Chill 2023playlist","rap score 4; hiphop_rap tag; non-instrumental heuristic"
"review","Definite vocal rap","440411849","Black Beatles (MAKJ Remix)","MAKJ / Rae Sremmurd","Black Beatles (MAKJ Remix)","122","","electronica; hiphop_rap","","","rap score 3; hiphop_rap tag; non-instrumental heuristic"
"review","Definite vocal rap","35023286","Jumpman (Riot Ten & CYBRPNK Remix)","Riot Ten / Drake / Future / CYBRPNK","Jumpman (Riot Ten & CYBRPNK Remix)","121","","electronica; hiphop_rap","","","rap score 3; hiphop_rap tag; non-instrumental heuristic"
"review","Definite vocal rap","407450359","Hotline Bling/ How Deep Is Your Love (Sickick Version!!)","Sickick / Drake / Ina Wroldsen / Calvin Harris","Hotline Bling /How Deep Is Your Love (Sickick Version!!)","115","","synthwave; hiphop_rap","","Retro playlist","rap score 3; hiphop_rap tag; non-instrumental heuristic"